"level_0","level_1","level_2","color","fontface","study_label","n.e","left_lab","est","lower","upper","formatted_pred","sr_default","sr_2019","sr_2024"
"Model 4","bf","ART initiated preconception","red","plain","'Aebi-Popp, 2022'^1",21,NA,0.0160746794277545,0.00225030365129777,0.114027055147456,"0.02 (0.00, 0.11)","","","Included"
"Model 3","peri","ART initiated preconception","red","plain","'Aebi-Popp, 2022'^1",21,"40",0.322699057613355,0.091479323955004,1.15164605985661,"0.32 (0.09, 1.15)","","","Included"
"Model 3","peri","ART initiated before last month","red","plain","'Amone, 2023'^2",431,"20",1.43720679784151,0.732871958320232,2.70912665324139,"1.44 (0.73, 2.71)","","","Included"
"Model 3","peri","ART initiated in last month","black","plain","'Bailey, 2011'^3",41,"1",9.19713169032053,4.15036780726461,19.6631880361308,"9.20 (4.15, 19.66)","","","Included"
"Model 1","bf","CD4 midpoint >350","grey","plain","'Becquet, 2010'^111",NA,NA,0.96,NA,NA,"0.96 (NA, NA)","Included","",""
"Model 2","peri","Infection","black","plain","'Birkhead, 2010'^4",41,NA,20.2404967556455,12.0038318686809,31.0287043708477,"20.2 (12.0, 31.0)","Included","Included","Included"
"Model 3","peri","ART initiated before last month","black","plain","'Black, 2008'^5",302,"13",0.852102329303783,0.357760940745707,2.10572481752445,"0.85 (0.36, 2.11)","","","Included"
"Model 3","peri","ART initiated preconception","black","plain","'Blonk, 2015'^6",7,"40",0.337649201720353,0.0966475985547518,1.17875291827135,"0.34 (0.10, 1.18)","Included","Included","Included"
"Model 3","peri","ART initiated before last month","black","plain","'Bornhede, 2018'^7",3,"14",1.47665935571128,0.468725442947201,4.58460086722259,"1.48 (0.47, 4.58)","","","Included"
"Model 3","peri","ART initiated preconception","black","plain","'Bornhede, 2018'^7",10,"40",0.337434251357985,0.0963049912582127,1.1596348490059,"0.34 (0.10, 1.16)","Included","Included","Included"
"Model 3","peri","ART initiated before last month","black","plain","'Carey, 2018'^8",67,"18",0.884649316760878,0.290191409318005,2.71688632778565,"0.88 (0.29, 2.72)","","","Included"
"Model 3","peri","ART initiated preconception","black","plain","'Carey, 2018'^8",65,"40",0.283917575805675,0.0788776106290326,0.920081329052627,"0.28 (0.08, 0.92)","Included","Included","Included"
"Model 1","bf","CD4 midpoint >350","black","plain","'Chasela, 2010'^9",668,"442",0.873375976916298,0.500603797428704,1.52267420807068,"0.87 (0.50, 1.52)","","Included","Included"
"Model 2","bf","Option A","black","plain","'Chasela, 2010'^9",748,NA,0.22916832884642,0.0729781761813042,0.719160479064632,"0.23 (0.07, 0.72)","Included","Included","Included"
"Model 2","bf","Dual ARV","grey","plain","'Chasela, 2010'^9",748,NA,0.31,0,0.97,"0.31 (0.00, 0.97)","Included","Included",""
"Model 3","peri","ART initiated preconception","red","plain","'Chauhan, 2021'^10",32,"40",0.321476757891498,0.0897347712477376,1.06222632904167,"0.32 (0.09, 1.06)","","","Included"
"Model 3","peri","ART initiated before last month","red","plain","'Chen, 2019'^11",446,"13",3.76204889125759,2.36388207684279,5.78381964966329,"3.76 (2.36, 5.78)","","","Included"
"Model 3","peri","ART initiated in last month","black","plain","'Chibwesha, 2011'^12",187,"2",9.13812279397098,5.9298323106461,13.9624619055471,"9.14 (5.93, 13.96)","Included","Included","Included"
"Model 3","peri","ART initiated before last month","black","plain","'Chibwesha, 2011'^12",1188,"26.5",2.04069605216509,1.42500502625969,2.99099439157627,"2.04 (1.43, 2.99)","Included","Included","Included"
"Model 3","peri","ART initiated before last month","black","plain","'Chibwesha, 2011'^12",196,"10.5",3.34514814447904,1.82389751365766,6.00065343891654,"3.35 (1.82, 6.00)","Included","Included","Included"
"Model 3","peri","ART initiated before last month","black","plain","'Chibwesha, 2011'^12",242,"6.5",3.46685079623289,1.95904723747056,6.10374784051219,"3.47 (1.96, 6.10)","Included","Included","Included"
"Model 2","peri","Option B","black","plain","'Chibwesha, 2011'^12",250,NA,1.70314588427665,0.904374854152618,3.14993235739374,"1.7 (0.9, 3.1)","Included","Included","Included"
"Model 3","peri","ART initiated before last month","black","plain","'Choi, 2018'^13",3,"6",2.22983018900009,0.671941758630199,7.53819657173418,"2.23 (0.67, 7.54)","","","Included"
"Model 3","peri","ART initiated before last month","black","plain","'Choi, 2018'^13",2,"34",0.459275938475809,0.136018120024588,1.57321363573537,"0.46 (0.14, 1.57)","","","Included"
"Model 3","peri","ART initiated before last month","black","plain","'Choi, 2018'^13",3,"20",1.00606296580696,0.289315698799417,3.517431562527,"1.01 (0.29, 3.52)","","","Included"
"Model 3","peri","ART initiated preconception","black","plain","'Choi, 2018'^13",8,"40",0.323216030211027,0.0944873878663881,1.17449576539037,"0.32 (0.09, 1.17)","","","Included"
"Model 1","peri","CD4 midpoint [200-350]","red","plain","'Coetzee, 2019'^14",15,"272",23.3556879414839,15.6146347692946,33.6269600423548,"23.4 (15.6, 33.6)","","","Included"
"Model 3","peri","ART initiated in last month","red","plain","'Coetzee, 2019'^14",6,"2",4.81863287334035,1.42827668086906,15.8325948552131,"4.82 (1.43, 15.83)","","","Included"
"Model 3","peri","ART initiated before last month","red","plain","'Coetzee, 2019'^14",18,"12",1.41208021531907,0.440851151572166,4.37248245966118,"1.41 (0.44, 4.37)","","","Included"
"Model 3","peri","ART initiated preconception","red","plain","'Coetzee, 2019'^14",8,"40",0.29509491084785,0.0852772225620715,1.03559558257561,"0.30 (0.09, 1.04)","","","Included"
"Model 2","peri","Dual ARV","red","plain","'Coetzee, 2019'^14",8,NA,3.03649083770669,1.25941434485718,7.38085842513298,"3.0 (1.3, 7.4)","","","Included"
"Model 4","bf","ART initiated during pregnancy","black","plain","'Cohan, 2015'^15",348,NA,0.0636877852796595,0.0217611534761484,0.189512119291583,"0.06 (0.02, 0.19)","Included","","Included"
"Model 2","bf","Option B","black","plain","'Cohan, 2015'^15",353,NA,0.105525762169514,0.0360813503519097,0.294899504546542,"0.11 (0.04, 0.29)","","Included","Included"
"Model 3","peri","ART initiated before last month","black","plain","'Cohan, 2015'^15",195,"18.8",0.630640749329064,0.236184417863285,1.70894012968697,"0.63 (0.24, 1.71)","","","Included"
"Model 3","peri","ART initiated before last month","black","plain","'Cohan, 2015'^15",194,"18.7",0.745298895645146,0.287065291966168,1.88804431104814,"0.75 (0.29, 1.89)","","","Included"
"Model 2","peri","Option B","black","plain","'Cohan, 2015'^15",374,NA,1.04484772698407,0.542825582811924,2.03039633139577,"1.0 (0.5, 2.0)","Included","Included","Included"
"Model 3","peri","ART initiated preconception","black","plain","'Colbers, 2015a'^16",18,"40",0.326465121636713,0.0950211096781155,1.08529515666411,"0.33 (0.10, 1.09)","Included","Included","Included"
"Model 3","peri","ART initiated preconception","black","plain","'Colbers, 2015b'^17",11,"40",0.340459346400166,0.091847081500656,1.12611457467032,"0.34 (0.09, 1.13)","Included","Included","Included"
"Model 2","bf","Infection","black","plain","'Colebunders, 1988'^18",3,NA,28.5291805601689,14.1277407430608,48.6937789166867,"28.5 (14.1, 48.7)","Included","Included","Included"
"Model 1","peri","CD4 midpoint >350","black","plain","'Connor, 1994'^19",183,"538",19.4462333949095,14.9688922331583,25.0697392390007,"19.4 (15.0, 25.1)","","","Included"
"Model 1","bf","CD4 midpoint [0-200)","black","plain","'Coovadia Fowler, 2012'^20",54,"175",0.948104394279507,0.340224324727638,2.58428724432307,"0.95 (0.34, 2.58)","","","Included"
"Model 1","bf","CD4 midpoint >350","black","plain","'Coovadia Fowler, 2012'^20",434,"424.5",0.805785093655841,0.459323003306229,1.46641198325819,"0.81 (0.46, 1.47)","","","Included"
"Model 2","bf","Option A","black","plain","'Coovadia Fowler, 2012'^20",418,NA,0.228997258142552,0.0658492089388497,0.760797625493254,"0.23 (0.07, 0.76)","Included","Included","Included"
"Model 2","bf","Dual ARV","black","plain","'Coovadia Fowler, 2012'^20",819,NA,0.248782797404791,0.0777121424894608,0.781637893246852,"0.25 (0.08, 0.78)","Included","Included","Included"
"Model 2","bf","SDNVP, >350","grey","plain","'Coovadia Fowler, 2012'^20",434,NA,0.62,0.24,2.01,"0.62 (0.24, 2.01)","Included","Included",""
"Model 2","bf","SDNVP, <350","grey","plain","'Coovadia Fowler, 2012'^20",54,NA,1.8,0.33,9.77,"1.80 (0.33, 9.77)","Included","Included",""
"Model 1","bf","CD4 midpoint [0-200)","grey","plain","'Dabis, 1999'^21",145,NA,0.0127,0,0.1961199,"0.01 (0.00, 0.20)","Included","Included",""
"Model 1","bf","CD4 midpoint >350","black","plain","'Dabis, 1999'^21",113,"535",1.03160924453624,0.488222728157293,2.20203566734299,"1.03 (0.49, 2.20)","","","Included"
"Model 1","peri","CD4 midpoint >350","black","plain","'Dabis, 1999'^21",187,"535",20.0224535319291,15.3845711015906,25.6103445350556,"20.0 (15.4, 25.6)","","","Included"
"Model 2","bf","Infection","black","plain","'De Schacht, 2014'^22",29,NA,24.4749175074843,14.7626545779839,37.9411404857028,"24.5 (14.8, 37.9)","Included","Included","Included"
"Model 3","peri","ART initiated in last month","black","plain","'Delicio, 2011'^23",12,"1",8.50710091676566,2.90569374918686,23.1314535992698,"8.51 (2.91, 23.13)","","","Included"
"Model 2","peri","Infection","black","plain","'Dinh, 2015'^24",212,NA,11.7858399390169,8.18039815255787,16.4821983421939,"11.8 (8.2, 16.5)","Included","Included","Included"
"Model 3","peri","ART initiated preconception","black","plain","'Dinh, 2018'^25",415,"40",0.728453820807376,0.310543384338225,1.67325894518991,"0.73 (0.31, 1.67)","Included","Included","Included"
"Model 2","peri","Option B","black","plain","'Dinh, 2018'^25",338,NA,2.07623839692453,1.19707314773079,3.55199926959907,"2.1 (1.2, 3.6)","Included","Included","Included"
"Model 3","peri","ART initiated before last month","black","plain","'Dryden-Peterson, 2011'^26",114,"13.1",1.22506922111378,0.447637992957777,3.21120022857514,"1.23 (0.45, 3.21)","","","Included"
"Model 3","peri","ART initiated preconception","black","plain","'Dryden-Peterson, 2011'^26",144,"40",0.262806986361191,0.0805952256159944,0.844166693297663,"0.26 (0.08, 0.84)","Included","Included","Included"
"Model 2","peri","Option A","black","plain","'Dryden-Peterson, 2011'^26",170,NA,4.23257900165443,2.46355566156813,7.27571558130789,"4.2 (2.5, 7.3)","Included","Included","Included"
"Model 2","bf","Infection","grey","plain","'Dunn, 1992'^113",42,NA,28.5714286,26.4632435,30.6796137,"28.6 (26.5, 30.7)","Included","",""
"Model 2","peri","Infection","red","plain","'Ejikunle, 2019'^27",5,NA,16.2779579180858,7.39669374455695,31.792688134078,"16.3 (7.4, 31.8)","","","Included"
"Model 2","bf","Infection","black","plain","'Ekpini, 1997'^28",12,NA,24.8423226241398,13.5687304031029,42.0072451720662,"24.8 (13.6, 42.0)","Included","Included","Included"
"Model 2","bf","Infection","black","plain","'Embree, 2000'^29",12,NA,32.5852140306711,18.4593770178253,50.6666173270327,"32.6 (18.5, 50.7)","Included","Included","Included"
"Model 3","peri","ART initiated preconception","red","plain","'Ewenighi-Amankwah, 2020'^30",122,"40",0.291551405963143,0.0881821494685914,0.969997439543612,"0.29 (0.09, 0.97)","","","Included"
"Model 2","peri","SDNVP","grey","plain","'Ewing, 2018'^114",2275,NA,5.2307692,5.2115874,5.2499511,"5.2 (5.2, 5.2)","Included","",""
"Model 2","peri","Option B","black","plain","'Finocchario, 2015'^31",219,NA,2.94145313663283,1.66958908444296,5.04421741735686,"2.9 (1.7, 5.0)","Included","Included","Included"
"Model 2","peri","Option A","black","plain","'Finocchario, 2015'^31",904,NA,3.45406946065967,2.50560401504407,4.78808621044152,"3.5 (2.5, 4.8)","Included","Included","Included"
"Model 4","bf","ART initiated during pregnancy","grey","plain","'Flynn, 2018'^32",648,NA,0.03,0,0.1633411,"0.03 (0.00, 0.16)","Included","",""
"Model 2","bf","Option B","black","plain","'Flynn, 2018'^32",648,NA,0.11105937866456,0.0394933918401786,0.296255695017454,"0.11 (0.04, 0.30)","","Included","Included"
"Model 2","bf","Option A","black","plain","'Flynn, 2018'^32",503,NA,0.156629032640222,0.0466081132860116,0.584641289734722,"0.16 (0.05, 0.58)","","Included","Included"
"Model 2","bf","Dual ARV","black","plain","'Flynn, 2018'^32",503,NA,0.161927491392082,0.0407376285525498,0.637065737250217,"0.16 (0.04, 0.64)","Included","Included","Included"
"Model 2","peri","Option A","grey","plain","'Fowler, 2015'^115",1386,NA,1.8,1.1000509,2.4999491,"1.8 (1.1, 2.5)","Included","Included",""
"Model 2","peri","Dual ARV","grey","plain","'Fowler, 2015'^115",1386,NA,1.8,1.1000509,2.4999491,"1.8 (1.1, 2.5)","Included","Included",""
"Model 3","peri","ART initiated preconception","red","plain","'Frange, 2020'^33",247,"40",0.260819023840527,0.0811920652917367,0.770672975599514,"0.26 (0.08, 0.77)","","","Included"
"Model 3","peri","ART initiated before last month","red","plain","'Gantner, 2019'^34",16,"6",1.93171892694238,0.617640557160045,5.95171437191655,"1.93 (0.62, 5.95)","","","Included"
"Model 3","peri","ART initiated preconception","red","plain","'Gantner, 2019'^34",78,"40",0.283185424382931,0.0923693231098693,1.07399467736323,"0.28 (0.09, 1.07)","","","Included"
"Model 4","bf","ART initiated preconception","black","plain","'Gibb, 2012'^35",24,NA,0.0173025918140367,0.00220348766895523,0.110097999303547,"0.02 (0.00, 0.11)","Included","Included","Included"
"Model 3","peri","ART initiated preconception","black","plain","'Gibb, 2012'^35",172,"40",0.28184894171829,0.0919825265895094,0.904033854728952,"0.28 (0.09, 0.90)","Included","Included","Included"
"Model 4","bf","ART initiated during pregnancy","black","plain","'Gill, 2017'^36",205,NA,0.0943000261657139,0.0330962899808711,0.274331158277306,"0.09 (0.03, 0.27)","Included","","Included"
"Model 4","bf","ART initiated preconception","black","plain","'Gill, 2017'^36",381,NA,0.0218997780731964,0.00501369556576175,0.101111908264074,"0.02 (0.01, 0.10)","","","Included"
"Model 2","bf","Option B","black","plain","'Gill, 2017'^36",381,NA,0.124617017491936,0.0461900241761702,0.331063192034315,"0.12 (0.05, 0.33)","","Included","Included"
"Model 3","peri","ART initiated before last month","black","plain","'Gill, 2017'^36",205,"9.6",1.62586104983538,0.745527821671455,3.67357529252078,"1.63 (0.75, 3.67)","","","Included"
"Model 3","peri","ART initiated preconception","black","plain","'Gill, 2017'^36",382,"40",0.302758093978151,0.112051704574882,0.805951829685511,"0.30 (0.11, 0.81)","Included","Included","Included"
"Model 2","peri","Option B","black","plain","'Gill, 2017'^36",205,NA,1.62761117722693,0.823811682155328,3.25142254218148,"1.6 (0.8, 3.3)","Included","Included","Included"
"Model 4","bf","ART initiated during pregnancy","black","plain","'Giuliano, 2014'^37",66,NA,0.337222166950748,0.113321215921757,1.01978958156635,"0.34 (0.11, 1.02)","Included","","Included"
"Model 2","bf","Option B","black","plain","'Giuliano, 2014'^37",276,NA,0.122986727878036,0.0447171879199314,0.329115546531985,"0.12 (0.04, 0.33)","","Included","Included"
"Model 3","peri","ART initiated before last month","black","plain","'Giuliano, 2014'^37",278,"14",1.03971572259694,0.462178214394592,2.32985384680772,"1.04 (0.46, 2.33)","","","Included"
"Model 2","peri","Option B","black","plain","'Giuliano, 2014'^37",278,NA,1.33507660286642,0.676455918176719,2.61835960326922,"1.3 (0.7, 2.6)","Included","Included","Included"
"Model 2","peri","Option A","black","plain","'Goga, 2015'^39",822,NA,2.95090555910876,2.08831820933396,4.18210625372782,"3.0 (2.1, 4.2)","Included","Included","Included"
"Model 2","peri","Dual ARV","black","plain","'Goga, 2015'^39",710,NA,3.73108232713131,2.64895446411774,5.24783808719843,"3.7 (2.6, 5.2)","","","Included"
"Model 1","peri","CD4 midpoint >350","black","plain","'Goga, 2016'^40",63,"372",17.9576523927936,11.9664389138696,25.8138216276796,"18.0 (12.0, 25.8)","","Included","Included"
"Model 3","peri","ART initiated before last month","black","plain","'Goga, 2016'^40",163,"6",2.00633722092741,0.932945327460083,4.32962897288378,"2.01 (0.93, 4.33)","","","Included"
"Model 3","peri","ART initiated before last month","black","plain","'Goga, 2016'^40",727,"20",1.66191230368972,1.00142063782127,2.69468791503246,"1.66 (1.00, 2.69)","","","Included"
"Model 2","peri","Option B","black","plain","'Goga, 2016'^40",890,NA,1.66124046686246,1.07372920170508,2.57488561570314,"1.7 (1.1, 2.6)","Included","Included","Included"
"Model 2","peri","Option A","black","plain","'Goga, 2016'^40",1908,NA,2.46319633447014,1.89659131305385,3.18117598351717,"2.5 (1.9, 3.2)","","Included","Included"
"Model 2","peri","Dual ARV","black","plain","'Goga, 2016'^40",205,NA,2.20119032668115,1.14363019803137,4.00270123584774,"2.2 (1.1, 4.0)","","","Included"
"Model 4","bf","ART initiated during pregnancy","red","plain","'Goga, 2020'^38",803,NA,0.0683631154059154,0.032868359544542,0.147025265086069,"0.07 (0.03, 0.15)","","","Included"
"Model 4","bf","ART initiated preconception","red","plain","'Goga, 2020'^38",635,NA,0.0237579081491851,0.00637535289080645,0.0838016375249923,"0.02 (0.01, 0.08)","","","Included"
"Model 3","peri","ART initiated before last month","red","plain","'Goga, 2020'^38",803,"20",1.62894478863128,1.00177635570243,2.67071340182377,"1.63 (1.00, 2.67)","","","Included"
"Model 3","peri","ART initiated preconception","red","plain","'Goga, 2020'^38",635,"40",0.850254664487534,0.426617660992741,1.70880520361686,"0.85 (0.43, 1.71)","","","Included"
"Model 2","peri","SDNVP","black","plain","'Guay, 1999'^41",310,NA,10.791980038445,7.88570486043368,14.2596487668196,"10.8 (7.9, 14.3)","Included","Included","Included"
"Model 1","peri","CD4 midpoint >350","red","plain","'Habib, 2021'^42",20,"475",17.8388011115473,11.7668713011013,26.4864105879406,"17.8 (11.8, 26.5)","","","Included"
"Model 3","peri","ART initiated before last month","red","plain","'Harrington, 2019'^43",264,"18",2.0749301682809,1.0569960709753,4.04878891512204,"2.07 (1.06, 4.05)","","","Included"
"Model 2","bf","Infection","black","plain","'Hira, 1990'^44",19,NA,23.4535144578074,13.1805182702505,37.8060697204447,"23.5 (13.2, 37.8)","Included","Included","Included"
"Model 1","peri","CD4 midpoint [0-200)","black","plain","'Hoffman, 2010'^45",23,"161",27.308858551347,18.5513645791192,38.3962384914219,"27.3 (18.6, 38.4)","","","Included"
"Model 3","peri","ART initiated in last month","black","plain","'Hoffman, 2010'^45",151,"2",10.1368620236422,6.39766519783442,15.5220447746589,"10.14 (6.40, 15.52)","Included","Included","Included"
"Model 3","peri","ART initiated before last month","black","plain","'Hoffman, 2010'^45",422,"30",4.01345302009892,2.60602742359109,6.4091325308531,"4.01 (2.61, 6.41)","Included","Included","Included"
"Model 3","peri","ART initiated before last month","black","plain","'Hoffman, 2010'^45",157,"16",3.13411991446953,1.53159932450166,6.43586240986344,"3.13 (1.53, 6.44)","Included","Included","Included"
"Model 3","peri","ART initiated preconception","black","plain","'Hoffman, 2010'^45",143,"40",0.777674318526188,0.289318203640435,2.14492379859288,"0.78 (0.29, 2.14)","Included","Included","Included"
"Model 2","peri","SDNVP","black","plain","'Hoffman, 2010'^45",1534,NA,7.90949928114135,6.68853058424228,9.30801526704377,"7.9 (6.7, 9.3)","Included","Included","Included"
"Model 1","bf","CD4 midpoint >350","grey","plain","'Humphrey, 2010'^46",NA,NA,0.51,NA,NA,"0.51 (NA, NA)","Included","",""
"Model 2","bf","Infection","black","plain","'Humphrey, 2010'^46",334,NA,24.0005429432533,19.7679808420871,28.6998337271811,"24.0 (19.8, 28.7)","Included","Included","Included"
"Model 1","peri","CD4 midpoint [0-200)","grey","plain","'Humphrey, 2010'^46",549,"100",22.4,18.9124153,25.8875847,"22.4 (18.9, 25.9)","Included","",""
"Model 1","peri","CD4 midpoint [200-350]","grey","plain","'Humphrey, 2010'^46",891,"275",13.1,10.8845459,15.3154541,"13.1 (10.9, 15.3)","Included","",""
"Model 1","peri","CD4 midpoint >350","grey","plain","'Humphrey, 2010'^46",2094,"500",9.7,8.4323555,10.9676445,"9.7 (8.4, 11.0)","Included","",""
"Model 3","peri","ART initiated preconception","black","plain","'Huntington, 2011'^47",340,"40",0.329033489644992,0.111578817092258,0.935390717919007,"0.33 (0.11, 0.94)","Included","Included","Included"
"Model 1","peri","CD4 midpoint >350","black","plain","'Iliff, 2005'^48",4367,"404",20.9897844698544,19.8239952750258,22.2026996487402,"21.0 (19.8, 22.2)","Included","Included","Included"
"Model 1","bf","CD4 midpoint [0-200)","grey","plain","'Illiff, 2005'^48",2060,NA,0.73,0.3623853,1.0976147,"0.73 (0.36, 1.10)","Included","Included",""
"Model 3","peri","ART initiated before last month","red","plain","'Joao, 2021'^49",71,"16",1.25610299226893,0.45319273258613,3.15967939440418,"1.26 (0.45, 3.16)","","","Included"
"Model 3","peri","ART initiated before last month","red","plain","'Joao, 2021'^49",76,"16",1.23872955992723,0.494175870315295,3.18766595383825,"1.24 (0.49, 3.19)","","","Included"
"Model 3","peri","ART initiated before last month","red","plain","'Joao, 2021'^49",82,"8",2.04189909416244,0.835564710254074,4.76617558081206,"2.04 (0.84, 4.77)","","","Included"
"Model 3","peri","ART initiated before last month","red","plain","'Joao, 2021'^49",78,"9",3.75057825137014,1.61181306648912,8.18061322290539,"3.75 (1.61, 8.18)","","","Included"
"Model 1","bf","CD4 midpoint >350","grey","plain","'Kesho Bora, 2010'^50",115,NA,0.01,0,0.1927618,"0.01 (0.00, 0.19)","Included","",""
"Model 2","bf","Option B","black","plain","'Kesho Bora, 2010'^50",154,NA,0.142179631780598,0.0474735331579011,0.413307809296085,"0.14 (0.05, 0.41)","","Included","Included"
"Model 2","bf","SDNVP, >350","black","plain","'Kesho Bora, 2010'^50",283,NA,0.357179407151407,0.0625194632190247,1.92170135986556,"0.36 (0.06, 1.92)","Included","Included","Included"
"Model 2","bf","SDNVP, <350","black","plain","'Kesho Bora, 2010'^50",184,NA,0.912247734709942,0.189128540238985,4.11397360182579,"0.91 (0.19, 4.11)","Included","Included","Included"
"Model 1","bf","CD4 midpoint >350","grey","plain","'Kesho Bora, 2011'^51",NA,NA,0.48,NA,NA,"0.48 (NA, NA)","Included","",""
"Model 2","bf","Option B","black","plain","'Kesho Bora, 2011'^51",333,NA,0.167270962721696,0.0598039220004046,0.439004662433332,"0.17 (0.06, 0.44)","","Included","Included"
"Model 2","peri","Option B","black","plain","'Kesho Bora, 2011'^51",166,NA,2.30905836684296,1.27456521335988,4.14836939384499,"2.3 (1.3, 4.1)","Included","Included","Included"
"Model 2","peri","Option A","black","plain","'Kesho Bora, 2011'^51",284,NA,3.93965368060184,2.45233849391015,6.33896035605401,"3.9 (2.5, 6.3)","Included","Included","Included"
"Model 4","bf","ART initiated during pregnancy","black","plain","'Kilewo, 2009'^52",225,NA,0.322833577107122,0.16605755797459,0.651295232201643,"0.32 (0.17, 0.65)","Included","","Included"
"Model 2","bf","Option B","black","plain","'Kilewo, 2009'^52",441,NA,0.1973647119895,0.0703097586788144,0.546965378898288,"0.20 (0.07, 0.55)","","Included","Included"
"Model 2","peri","Option B","black","plain","'Kilewo, 2009'^52",364,NA,3.20276281207696,1.97433267307137,5.18930501270267,"3.2 (2.0, 5.2)","Included","Included","Included"
"Model 4","bf","ART initiated preconception","black","plain","'Kim, 2013'^53",262,NA,0.0132843806770981,0.00224694344631714,0.0793691875922279,"0.01 (0.00, 0.08)","Included","Included","Included"
"Model 3","peri","ART initiated preconception","black","plain","'Kim, 2013'^53",262,"40",0.256338808650148,0.0868743468660476,0.752513443004543,"0.26 (0.09, 0.75)","Included","Included","Included"
"Model 1","bf","CD4 midpoint [0-200)","black","plain","'Kuhn, 2010'^54",524,"174.5",0.870952345737367,0.371343603700193,2.0096325087085,"0.87 (0.37, 2.01)","","","Included"
"Model 1","bf","CD4 midpoint >350","black","plain","'Kuhn, 2010'^54",469,"424.5",0.733397037705497,0.414549225226031,1.33032078639964,"0.73 (0.41, 1.33)","Included","Included","Included"
"Model 2","bf","SDNVP, >350","grey","plain","'Kuhn, 2010'^54",469,NA,0.2,0.1637982,0.2362018,"0.20 (0.16, 0.24)","Included","Included",""
"Model 2","bf","SDNVP, <350","grey","plain","'Kuhn, 2010'^54",524,NA,0.92,0.8967711,0.9432289,"0.92 (0.90, 0.94)","Included","Included",""
"Model 2","peri","Option A","grey","plain","'Lallemant, 2004'^55",636,NA,1.8867925,1.08,3.27,"1.9 (1.1, 3.3)","Included","",""
"Model 2","peri","Dual ARV","black","plain","'Lallemant, 2004'^55",636,NA,2.21924918704294,1.42319242087242,3.47695407877582,"2.2 (1.4, 3.5)","","","Included"
"Model 2","bf","Infection","red","plain","'Le Roux, 2019'^56",7,NA,28.284178017192,14.8808997917066,46.6839866051774,"28.3 (14.9, 46.7)","","","Included"
"Model 1","peri","CD4 midpoint [0-200)","grey","plain","'Leroy, 2005'^116",956,"100",41.9751046,38.8466475,45.1035617,"42.0 (38.8, 45.1)","Included","",""
"Model 1","peri","CD4 midpoint [200-350]","grey","plain","'Leroy, 2005'^116",956,"275",29.4599372,26.5701827,32.3496918,"29.5 (26.6, 32.3)","Included","",""
"Model 1","peri","CD4 midpoint >350","grey","plain","'Leroy, 2005'^116",956,"500",18.7554393,16.2809369,21.2299418,"18.8 (16.3, 21.2)","Included","",""
"Model 2","bf","Infection","black","plain","'Liang, 2009'^57",106,NA,34.301123047919,26.5895565999957,43.3454278721461,"34.3 (26.6, 43.3)","Included","Included","Included"
"Model 2","peri","Infection","black","plain","'Lima, 2016'^58",9,NA,16.9681535986485,8.04773787430298,31.120703856949,"17.0 (8.0, 31.1)","Included","Included","Included"
"Model 3","peri","ART initiated before last month","red","plain","'Loh, 2021'^59",42,"20",0.863486111263428,0.291591944701563,2.85926061335551,"0.86 (0.29, 2.86)","","","Included"
"Model 3","peri","ART initiated preconception","red","plain","'Loh, 2021'^59",46,"40",0.296204009567876,0.0893887533363898,0.923397721403546,"0.30 (0.09, 0.92)","","","Included"
"Model 4","bf","ART initiated during pregnancy","red","plain","'Malaba, 2022'^60",268,NA,0.067664567711,0.0213807320611434,0.207589457054471,"0.07 (0.02, 0.21)","","","Included"
"Model 3","peri","ART initiated before last month","red","plain","'Malaba, 2022'^60",124,"9",1.83824579834006,0.766163306703881,4.32358382816202,"1.84 (0.77, 4.32)","","","Included"
"Model 3","peri","ART initiated before last month","red","plain","'Malaba, 2022'^60",125,"9",1.24953106749481,0.49156767200724,3.09140192303782,"1.25 (0.49, 3.09)","","","Included"
"Model 3","peri","ART initiated preconception","black","plain","'Mandelbrot, 2015'^61",3505,"40",0.206656301330008,0.111596361644282,0.387215220867208,"0.21 (0.11, 0.39)","Included","Included","Included"
"Model 4","bf","ART initiated during pregnancy","black","plain","'Marazzi, 2010'^62",2926,NA,0.168994731173467,0.129013159977308,0.220142331946187,"0.17 (0.13, 0.22)","Included","","Included"
"Model 2","bf","Option B","black","plain","'Marazzi, 2010'^62",2528,NA,0.123106674516102,0.0535631054463338,0.277128610538327,"0.12 (0.05, 0.28)","","Included","Included"
"Model 3","peri","ART initiated before last month","black","plain","'Marazzi, 2010'^62",3081,"20.11927793",0.828148936634271,0.572555286848564,1.21439235409997,"0.83 (0.57, 1.21)","","","Included"
"Model 2","peri","Option B","black","plain","'Marazzi, 2010'^62",3081,NA,0.953059620578966,0.69106842371958,1.33376026520839,"1.0 (0.7, 1.3)","Included","Included","Included"
"Model 1","peri","CD4 midpoint [0-200)","black","plain","'Marinda, 2011'^63",496,"100",33.8450511340724,30.7959658124368,37.2880312980036,"33.8 (30.8, 37.3)","","Included","Included"
"Model 1","peri","CD4 midpoint [200-350]","black","plain","'Marinda, 2011'^63",826,"274.5",25.5592631774525,24.0413833020267,27.2444377397764,"25.6 (24.0, 27.2)","","","Included"
"Model 1","peri","CD4 midpoint >350","black","plain","'Marinda, 2011'^63",1963,"424.5",19.5894868484352,18.1692064713407,21.1294724888626,"19.6 (18.2, 21.1)","","","Included"
"Model 2","peri","Infection","black","plain","'Marinda, 2011'^63",422,NA,19.6883095702262,16.4382071607489,23.7212021177071,"19.7 (16.4, 23.7)","","","Included"
"Model 2","peri","SDNVP","black","plain","'Martinson, 2007'^64",108,NA,10.053893035373,6.23932130491727,15.556281903345,"10.1 (6.2, 15.6)","Included","Included","Included"
"Model 1","peri","CD4 midpoint [0-200)","black","plain","'Mayaux, 1995'^65",65,"100",38.1633331177001,31.3945324814532,45.3077411930366,"38.2 (31.4, 45.3)","Included","Included","Included"
"Model 1","peri","CD4 midpoint [200-350]","black","plain","'Mayaux, 1995'^65",57,"300",28.0283449969418,23.3145408010823,33.418239677468,"28.0 (23.3, 33.4)","","","Included"
"Model 1","peri","CD4 midpoint >350","black","plain","'Mayaux, 1995'^65",192,"600",16.4113843229409,13.1701464340752,20.2728264978704,"16.4 (13.2, 20.3)","Included","Included","Included"
"Model 2","peri","Option A","red","plain","'Meggi, 2018'^66",6,NA,4.14524513108027,1.7939608765796,9.35048826617475,"4.1 (1.8, 9.4)","","","Included"
"Model 3","peri","ART initiated before last month","black","plain","'Meyers, 2015'^67",248,"6",3.6829752767132,2.06145388388001,6.21970957794213,"3.68 (2.06, 6.22)","","","Included"
"Model 3","peri","ART initiated before last month","black","plain","'Meyers, 2015'^67",946,"26",0.663761590128622,0.342304596583798,1.27540764609528,"0.66 (0.34, 1.28)","","","Included"
"Model 1","bf","CD4 midpoint >350","grey","plain","'Mofenson, 2009'^117",NA,NA,0.69,NA,NA,"0.69 (NA, NA)","Included","",""
"Model 2","peri","SDNVP","black","plain","'Moodley, 2003'^68",663,NA,10.7511212513582,8.69060965949894,13.1929665477596,"10.8 (8.7, 13.2)","Included","Included","Included"
"Model 2","peri","Option B","grey","plain","'Mugerwa, 2014'^118",3283,NA,1.5,1.0842001,1.9157999,"1.5 (1.1, 1.9)","Included","Included",""
"Model 2","peri","Option A","grey","plain","'Mugerwa, 2014'^118",1049,NA,2.8,1.8016554,3.7983446,"2.8 (1.8, 3.8)","Included","Included",""
"Model 2","peri","Dual ARV","grey","plain","'Mugerwa, 2014'^118",1049,NA,2.8,1.8016554,3.7983446,"2.8 (1.8, 3.8)","Included","Included",""
"Model 3","peri","ART initiated before last month","black","plain","'Myer, 2017'^69",555,"20",1.19336545911121,0.634524666229474,2.1786062963951,"1.19 (0.63, 2.18)","","","Included"
"Model 2","peri","Option B","black","plain","'Myer, 2017'^69",555,NA,1.47226250727904,0.844293399890629,2.51329209033877,"1.5 (0.8, 2.5)","Included","Included","Included"
"Model 2","bf","Dual ARV","grey","plain","'Nagot, 2016'^119",1236,NA,0.13,0,0.330072,"0.13 (0.00, 0.33)","Included","Included",""
"Model 2","peri","Option B","black","plain","'Namukwaya, 2011'^70",788,NA,1.85493308971873,1.19604879276094,2.85972457681042,"1.9 (1.2, 2.9)","Included","Included","Included"
"Model 2","peri","Option A","grey","plain","'Namukwaya, 2011'^70",1161,NA,4.7372954,3.66,6.12,"4.7 (3.7, 6.1)","Included","Included",""
"Model 2","peri","SDNVP","black","plain","'Namukwaya, 2011'^70",367,NA,10.8488597835422,8.29278097690328,14.2997802010528,"10.8 (8.3, 14.3)","Included","Included","Included"
"Model 2","peri","Dual ARV","black","plain","'Namukwaya, 2011'^70",1161,NA,4.56142696802707,3.5237074126505,5.85639031698536,"4.6 (3.5, 5.9)","","","Included"
"Model 3","peri","ART initiated before last month","red","plain","'Ndarukwa, 2019'^71",841,"20",1.53469704555797,0.933543035779393,2.5761604870698,"1.53 (0.93, 2.58)","","","Included"
"Model 3","peri","ART initiated preconception","red","plain","'Ndarukwa, 2019'^71",289,"40",0.703485579149496,0.288885835685546,1.63120120244549,"0.70 (0.29, 1.63)","","","Included"
"Model 1","bf","CD4 midpoint [0-200)","grey","plain","'Nduati, 2000'^72",191,NA,1.32,0,2.9386052,"1.32 (0.00, 2.94)","Included","Included",""
"Model 1","bf","CD4 midpoint >350","black","plain","'Nduati, 2000'^72",165,"399",0.789377578083737,0.420156370700414,1.50309094100337,"0.79 (0.42, 1.50)","","","Included"
"Model 1","bf","CD4 midpoint >350","black","plain","'Nduati, 2000'^72",165,"399",0.789377578083737,0.420156370700414,1.50309094100337,"0.79 (0.42, 1.50)","Included","Included","Included"
"Model 2","peri","Infection","black","plain","'Nesheim, 2007'^73",4,NA,19.0006084535661,9.15299522941783,34.9431370742799,"19.0 (9.2, 34.9)","Included","Included","Included"
"Model 4","bf","ART initiated during pregnancy","black","plain","'Ngoma, 2015'^74",201,NA,0.127532628530869,0.0492958195065896,0.321750234158191,"0.13 (0.05, 0.32)","Included","","Included"
"Model 2","bf","Option B","grey","plain","'Ngoma, 2015'^74",279,NA,0.16,0.1169817,0.2030183,"0.16 (0.12, 0.20)","","Included",""
"Model 3","peri","ART initiated before last month","black","plain","'Ngoma, 2015'^74",219,"18",1.28269213471542,0.533073259082866,2.98393707314292,"1.28 (0.53, 2.98)","","","Included"
"Model 2","peri","Option B","black","plain","'Ngoma, 2015'^74",219,NA,1.5980066036748,0.842967002676185,3.08555954842205,"1.6 (0.8, 3.1)","Included","Included","Included"
"Model 3","peri","ART initiated before last month","black","plain","'Nlend, 2013'^75",285,"12",1.71965366440975,0.831417676165599,3.52918624942107,"1.72 (0.83, 3.53)","","","Included"
"Model 2","peri","Option A","black","plain","'Nlend, 2013'^75",110,NA,2.96581384124109,1.54877936782917,5.64686840808955,"3.0 (1.5, 5.6)","Included","Included","Included"
"Model 2","peri","Dual ARV","grey","plain","'Nlend, 2013'^75",110,NA,2.7,0,5.7289913,"2.7 (0.0, 5.7)","Included","Included",""
"Model 2","peri","SDNVP","black","plain","'Nyandiko, 2010'^76",69,NA,9.98497436134273,5.873800486487,16.09435091174,"10.0 (5.9, 16.1)","Included","Included","Included"
"Model 4","bf","ART initiated preconception","grey","plain","'Ocheke, 2017'^120",806,NA,0.02,0,0.1176248,"0.02 (0.00, 0.12)","Included","",""
"Model 1","peri","CD4 midpoint >350","black","plain","'Olana, 2016'^77",102,"415",16.2918558421581,11.3353572023507,23.1323415270316,"16.3 (11.3, 23.1)","","Included","Included"
"Model 2","peri","Option A","black","plain","'Olana, 2016'^77",50,NA,3.31413064060704,1.57518735275969,6.72418973224411,"3.3 (1.6, 6.7)","","Included","Included"
"Model 3","peri","ART initiated preconception","black","plain","'Orbaek, 2017'^78",247,"40",0.264864272230653,0.0834764466975448,0.819484256450654,"0.26 (0.08, 0.82)","Included","Included","Included"
"Model 2","bf","Infection","black","plain","'Palasanthiran, 1993'^79",11,NA,28.0414485798154,15.8131080056177,44.8381426143928,"28.0 (15.8, 44.8)","Included","Included","Included"
"Model 2","peri","Option A","red","plain","'Pellowski, 2019'^80",239,NA,1.61817413503625,0.807868548518577,3.20315750923269,"1.6 (0.8, 3.2)","","","Included"
"Model 4","bf","ART initiated during pregnancy","black","plain","'Peltier, 2009'^81",227,NA,0.0999484651501609,0.0375502497259058,0.277647133552072,"0.10 (0.04, 0.28)","Included","","Included"
"Model 3","peri","ART initiated before last month","black","plain","'Peltier, 2009'^81",227,"16.4",1.30591359647022,0.562986776266307,2.97350153010017,"1.31 (0.56, 2.97)","","","Included"
"Model 2","peri","Option B","black","plain","'Peltier, 2009'^81",532,NA,1.4000729868765,0.777066225098231,2.37392534402981,"1.4 (0.8, 2.4)","Included","Included","Included"
"Model 3","peri","ART initiated before last month","black","plain","'Perry, 2016'^82",306,"17.9",0.682298770961375,0.281627274261258,1.71923341327806,"0.68 (0.28, 1.72)","","","Included"
"Model 3","peri","ART initiated before last month","black","plain","'Perry, 2016'^82",187,"19.6",0.704863628222975,0.281109497294117,1.86671088084914,"0.70 (0.28, 1.87)","","","Included"
"Model 3","peri","ART initiated preconception","black","plain","'Perry, 2016'^82",178,"40",0.215889285405507,0.0725427464629697,0.643995645954601,"0.22 (0.07, 0.64)","Included","Included","Included"
"Model 3","peri","ART initiated preconception","black","plain","'Peters, 2017'^83",1749,"40",0.226930752007601,0.101847158495095,0.477810147784395,"0.23 (0.10, 0.48)","Included","Included","Included"
"Model 1","bf","CD4 midpoint [0-200)","grey","plain","'Petra Study Team, 2002'^84",377,NA,1.04,0.0159247,2.0640753,"1.04 (0.02, 2.06)","Included","Included",""
"Model 1","bf","CD4 midpoint >350","black","plain","'Petra Study Team, 2002'^84",303,"435",0.618161613669047,0.357824743905787,1.09359283608888,"0.62 (0.36, 1.09)","","","Included"
"Model 1","peri","CD4 midpoint >350","black","plain","'Petra Study Team, 2002'^84",303,"435",15.0374692213767,11.6194230936151,19.2896267496044,"15.0 (11.6, 19.3)","","","Included"
"Model 3","peri","ART initiated before last month","black","plain","'Prieto, 2012'^85",244,"13",1.86302597319008,0.902172694792786,3.88519588030291,"1.86 (0.90, 3.89)","","","Included"
"Model 2","peri","Infection","black","plain","'Rollins, 2007'^86",172,NA,28.6998729625275,22.9230235314019,35.9218025331078,"28.7 (22.9, 35.9)","Included","Included","Included"
"Model 2","peri","Infection","black","plain","'Roongpisuthipong, 2001'^87",15,NA,16.8713137052882,8.27091389953687,30.2814386817382,"16.9 (8.3, 30.3)","Included","Included","Included"
"Model 4","bf","ART initiated during pregnancy","grey","plain","'Sagay, 2015'^121",856,NA,0.03,0,0.1460151,"0.03 (0.00, 0.15)","Included","",""
"Model 4","bf","ART initiated preconception","grey","plain","'Sagay, 2015'^121",700,NA,0.03,0,0.1582929,"0.03 (0.00, 0.16)","Included","",""
"Model 3","peri","ART initiated preconception","grey","plain","'Sagay, 2015'^121",700,NA,0.4285714,0,0.9125053,"0.43 (0.00, 0.91)","Included","",""
"Model 2","peri","Option B","grey","plain","'Sagay, 2015'^121",700,NA,0.4285714,0,0.9125053,"0.4 (0.0, 0.9)","Included","",""
"Model 2","peri","Option A","black","plain","'Sagna, 2015'^88",136,NA,2.45871468368581,1.25873212588509,4.70461904860964,"2.5 (1.3, 4.7)","Included","Included","Included"
"Model 2","peri","Dual ARV","grey","plain","'Sagna, 2015'^88",114,NA,1.8,0,4.2405946,"1.8 (0.0, 4.2)","Included","Included",""
"Model 4","bf","ART initiated during pregnancy","grey","plain","'Salazar Austin, 2018'^89",171,NA,0.13,0.0795932,0.1804068,"0.13 (0.08, 0.18)","Included","",""
"Model 2","bf","Option B","black","plain","'Salazar Austin, 2018'^89",171,NA,0.128280384018868,0.0463531852030691,0.35593695883228,"0.13 (0.05, 0.36)","","Included","Included"
"Model 2","peri","Option B","black","plain","'Salazar Austin, 2018'^89",150,NA,1.58344432486625,0.79573425760416,3.18136624866894,"1.6 (0.8, 3.2)","Included","Included","Included"
"Model 2","peri","Option A","black","plain","'Salazar Austin, 2018'^89",48,NA,2.87069618542838,1.3783832905635,5.87719077039279,"2.9 (1.4, 5.9)","","Included","Included"
"Model 3","peri","ART initiated preconception","black","plain","'Samuel, 2014'^90",68,"40",0.43842647083538,0.136585307877217,1.47585609964067,"0.44 (0.14, 1.48)","Included","Included","Included"
"Model 3","peri","ART initiated preconception","black","plain","'Schalkwijk, 2017'^91",15,"40",0.32813085932883,0.0936000591716488,1.13330514131512,"0.33 (0.09, 1.13)","Included","Included","Included"
"Model 3","peri","ART initiated in last month","black","plain","'Scott, 2017'^92",44,"2",5.16082182470256,1.93361493639624,12.4318685047531,"5.16 (1.93, 12.43)","Included","Included","Included"
"Model 3","peri","ART initiated before last month","grey","plain","'Scott, 2017'^92",1801,NA,0.4997224,0.1740539,0.8253909,"0.50 (0.17, 0.83)","Included","",""
"Model 1","peri","CD4 midpoint [0-200)","black","plain","'Shaffer, 1999'^93",24,"100",31.8534172029399,25.1043010781201,39.6703786199997,"31.9 (25.1, 39.7)","Included","","Included"
"Model 1","peri","CD4 midpoint [200-350]","black","plain","'Shaffer, 1999'^93",104,"349.5",20.880220942495,16.4191263477349,26.377060184272,"20.9 (16.4, 26.4)","Included","","Included"
"Model 1","peri","CD4 midpoint >350","black","plain","'Shaffer, 1999'^93",67,"600",12.9322650912629,9.70818455135603,17.0693793046679,"12.9 (9.7, 17.1)","Included","","Included"
"Model 2","peri","Option A","grey","plain","'Shapiro, 2006'^95",345,NA,4.3478261,2.65,7.05,"4.3 (2.6, 7.0)","Included","Included",""
"Model 2","peri","Dual ARV","black","plain","'Shapiro, 2006'^95",345,NA,4.07431602276937,2.59608329354593,6.48204078579502,"4.1 (2.6, 6.5)","","","Included"
"Model 4","bf","ART initiated during pregnancy","black","plain","'Shapiro, 2010'^94",480,NA,0.0948563919948369,0.0436487943043628,0.21316124266702,"0.09 (0.04, 0.21)","Included","","Included"
"Model 2","bf","Option B","black","plain","'Shapiro, 2010'^94",703,NA,0.111236161544802,0.0420145074629236,0.293404170449204,"0.11 (0.04, 0.29)","","Included","Included"
"Model 2","peri","Option B","black","plain","'Shapiro, 2010'^94",553,NA,1.2539705940813,0.704671661581096,2.2081524928999,"1.3 (0.7, 2.2)","Included","Included","Included"
"Model 2","peri","Infection","grey","plain","'Singh, 2012'^122",124,NA,12.9,7.0000387,18.7999613,"12.9 (7.0, 18.8)","Included","Included",""
"Model 3","peri","ART initiated before last month","red","plain","'Siubiude, 2022'^96",1408,"6",1.60195350400377,1.08743501877722,2.33277201746982,"1.60 (1.09, 2.33)","","","Included"
"Model 3","peri","ART initiated before last month","red","plain","'Siubiude, 2022'^96",418,"6",2.26061403605317,1.34136454119016,3.83734358905788,"2.26 (1.34, 3.84)","","","Included"
"Model 3","peri","ART initiated before last month","red","plain","'Siubiude, 2022'^96",214,"6",1.43436486042438,0.716789819119025,2.94390253054942,"1.43 (0.72, 2.94)","","","Included"
"Model 3","peri","ART initiated before last month","red","plain","'Siubiude, 2022'^96",290,"34",0.34510176719716,0.154724915455807,0.807466386965644,"0.35 (0.15, 0.81)","","","Included"
"Model 3","peri","ART initiated before last month","red","plain","'Siubiude, 2022'^96",362,"34",0.447506753267711,0.199042243715553,1.00773044211029,"0.45 (0.20, 1.01)","","","Included"
"Model 3","peri","ART initiated before last month","red","plain","'Siubiude, 2022'^96",437,"34",0.383217895470574,0.1651670455801,0.849890734625588,"0.38 (0.17, 0.85)","","","Included"
"Model 3","peri","ART initiated before last month","red","plain","'Siubiude, 2022'^96",1574,"20",0.952343611230757,0.605095739462232,1.47204456669627,"0.95 (0.61, 1.47)","","","Included"
"Model 3","peri","ART initiated before last month","red","plain","'Siubiude, 2022'^96",1463,"20",0.718562920762707,0.42735421344194,1.1994693253749,"0.72 (0.43, 1.20)","","","Included"
"Model 3","peri","ART initiated before last month","red","plain","'Siubiude, 2022'^96",897,"20",0.601156598563884,0.321593729336735,1.11525799994012,"0.60 (0.32, 1.12)","","","Included"
"Model 3","peri","ART initiated preconception","red","plain","'Siubiude, 2022'^96",3101,"40",0.163768896203127,0.0852691836512804,0.312755431682639,"0.16 (0.09, 0.31)","","","Included"
"Model 2","peri","SDNVP","black","plain","'Swen, 2008'^97",986,NA,5.70395652446137,4.45801535592549,7.24777601747977,"5.7 (4.5, 7.2)","Included","Included","Included"
"Model 4","bf","ART initiated during pregnancy","black","plain","'Thomas, 2011'^98",457,NA,0.181634836213519,0.0996454774604697,0.342625214681853,"0.18 (0.10, 0.34)","Included","","Included"
"Model 2","bf","Option B","black","plain","'Thomas, 2011'^98",522,NA,0.182403567111991,0.0639597997320828,0.530662954039361,"0.18 (0.06, 0.53)","","Included","Included"
"Model 3","peri","ART initiated before last month","black","plain","'Thomas, 2011'^98",487,"5",3.86710452352249,2.56378662895607,5.6745983302205,"3.87 (2.56, 5.67)","","","Included"
"Model 2","peri","Option B","black","plain","'Thomas, 2011'^98",487,NA,3.1872585308023,2.09137424440412,4.85428571666562,"3.2 (2.1, 4.9)","Included","Included","Included"
"Model 2","peri","Option B","grey","plain","'Tiam, 2017'^123",331,NA,1.8,0.3676997,3.2323003,"1.8 (0.4, 3.2)","Included","Included",""
"Model 3","peri","ART initiated before last month","red","plain","'Tiam, 2019'^99",370,"20",1.24933351793177,0.602012816575136,2.54237280227125,"1.25 (0.60, 2.54)","","","Included"
"Model 3","peri","ART initiated preconception","red","plain","'Tiam, 2019'^99",249,"40",0.367273046581659,0.134083167835579,1.00114533956136,"0.37 (0.13, 1.00)","","","Included"
"Model 1","bf","CD4 midpoint >350","grey","plain","'Tonwe-Gold, 2007'^100",86,NA,0.61,0,2.2556714,"0.61 (0.00, 2.26)","Included","",""
"Model 2","bf","Option B","black","plain","'Tonwe-Gold, 2007'^100",52,NA,0.136966272054507,0.0455194154185997,0.37839393646404,"0.14 (0.05, 0.38)","","Included","Included"
"Model 2","bf","SDNVP, >350","black","plain","'Tonwe-Gold, 2007'^100",86,NA,0.352037659488257,0.0613699738622757,2.25324650691332,"0.35 (0.06, 2.25)","Included","Included","Included"
"Model 2","peri","Option B","black","plain","'Tonwe-Gold, 2007'^100",96,NA,1.63741499070973,0.781540980735045,3.29748874857378,"1.6 (0.8, 3.3)","Included","Included","Included"
"Model 2","peri","Option A","black","plain","'Tonwe-Gold, 2007'^100",122,NA,3.12367924912872,1.63780866776674,5.68668492038696,"3.1 (1.6, 5.7)","Included","Included","Included"
"Model 3","peri","ART initiated before last month","black","plain","'Tookey, 2016'^101",640,"6",2.00575496247166,1.25593317232202,3.21139014348028,"2.01 (1.26, 3.21)","","","Included"
"Model 3","peri","ART initiated before last month","black","plain","'Tookey, 2016'^101",110,"34",0.373352186531064,0.14086460197491,0.984444800792895,"0.37 (0.14, 0.98)","","","Included"
"Model 3","peri","ART initiated before last month","black","plain","'Tookey, 2016'^101",2155,"20",0.673029657762541,0.425950413622885,1.08455000138483,"0.67 (0.43, 1.08)","","","Included"
"Model 3","peri","ART initiated preconception","black","plain","'Tookey, 2016'^101",968,"40",0.333940780276612,0.15316670661629,0.71257069437779,"0.33 (0.15, 0.71)","Included","Included","Included"
"Model 2","peri","Option B","black","plain","'Torpey, 2012'^102",1966,NA,3.94583388676717,3.19814991901537,4.87395398751545,"3.9 (3.2, 4.9)","Included","Included","Included"
"Model 2","peri","Option A","black","plain","'Torpey, 2012'^102",2366,NA,6.66931373749971,5.76637908942207,7.74353102720194,"6.7 (5.8, 7.7)","Included","Included","Included"
"Model 2","peri","SDNVP","black","plain","'Torpey, 2012'^102",1143,NA,9.08668012516561,7.52996852616393,10.8757992190938,"9.1 (7.5, 10.9)","Included","Included","Included"
"Model 2","peri","Infection","black","plain","'Tovo, 1991'^103",10,NA,18.3856704106173,9.41270224671257,33.8793804118679,"18.4 (9.4, 33.9)","Included","Included","Included"
"Model 3","peri","ART initiated before last month","black","plain","'Townsend, 2014'^104",3422,"17.3",0.65274093518053,0.444038013609848,0.9694468454276,"0.65 (0.44, 0.97)","","","Included"
"Model 3","peri","ART initiated preconception","black","plain","'Townsend, 2014'^104",2105,"40",0.213346878485092,0.103303175076248,0.434518848656237,"0.21 (0.10, 0.43)","Included","Included","Included"
"Model 3","peri","ART initiated before last month","black","plain","'Tubiana, 2013'^105",36,"12.57142857",1.82821165349895,0.609448870333908,5.22847499392421,"1.83 (0.61, 5.23)","","","Included"
"Model 2","bf","Infection","black","plain","'Van De Perre, 1991'^106",15,NA,37.5613913252302,22.6091180916567,55.2422664691586,"37.6 (22.6, 55.2)","Included","Included","Included"
"Model 3","peri","ART initiated before last month","black","plain","'Van Schalkwyk, 2013'^107",65,"9",2.05970515856129,0.838872472615665,5.11621240987011,"2.06 (0.84, 5.12)","","","Included"
"Model 3","peri","ART initiated before last month","black","plain","'Van Schalkwyk, 2013'^107",57,"10",1.74967755534565,0.649909853133543,4.72869077502649,"1.75 (0.65, 4.73)","","","Included"
"Model 3","peri","ART initiated before last month","black","plain","'Van Schalkwyk, 2013'^107",90,"14.6",1.12644664496413,0.42822921273741,2.86991869855057,"1.13 (0.43, 2.87)","","","Included"
"Model 1","bf","CD4 midpoint >350","black","plain","'Wiktor, 1999'^108",115,"548",0.981921053945972,0.434066584596164,2.18049864400041,"0.98 (0.43, 2.18)","","","Included"
"Model 1","peri","CD4 midpoint >350","black","plain","'Wiktor, 1999'^108",119,"548",18.855556575556,13.7993317234971,25.3954367019843,"18.9 (13.8, 25.4)","","","Included"
"Model 1","bf","CD4 midpoint [0-200)","grey","plain","'Witkor, 1999'^108",140,NA,1.6,0,3.6784979,"1.60 (0.00, 3.68)","Included","Included",""
"Model 4","bf","ART initiated preconception","red","plain","'Yusuf, 2022'^109",10,NA,0.016005566637353,0.00223643233763769,0.114166010212092,"0.02 (0.00, 0.11)","","","Included"
"Model 3","peri","ART initiated preconception","red","plain","'Yusuf, 2022'^109",10,"40",0.328095669667357,0.0933451833548271,1.1514910447647,"0.33 (0.09, 1.15)","","","Included"
"Model 4","bf","ART initiated during pregnancy","red","plain","'Zijenah, 2022'^110",61,NA,0.400485006942694,0.130318100831767,1.26683164562876,"0.40 (0.13, 1.27)","","","Included"
"Model 4","bf","ART initiated preconception","red","plain","'Zijenah, 2022'^110",271,NA,0.0135587036309617,0.00219137644995302,0.0802043246108474,"0.01 (0.00, 0.08)","","","Included"
"Model 3","peri","ART initiated before last month","red","plain","'Zijenah, 2022'^110",73,"9",2.34264066139673,0.967330669576421,5.76045391745213,"2.34 (0.97, 5.76)","","","Included"
"Model 3","peri","ART initiated before last month","red","plain","'Zijenah, 2022'^110",16,"32",0.583539922253858,0.202300816044839,1.83141687085758,"0.58 (0.20, 1.83)","","","Included"
"Model 3","peri","ART initiated before last month","red","plain","'Zijenah, 2022'^110",97,"19",1.43180079172841,0.567719597641319,3.42676207754754,"1.43 (0.57, 3.43)","","","Included"
"Model 3","peri","ART initiated preconception","red","plain","'Zijenah, 2022'^110",272,"40",0.377832756178647,0.139292832869605,1.05756694970301,"0.38 (0.14, 1.06)","","","Included"
"Model 1","peri","CD4 midpoint [0-200)","black","bold","Modelled",NA,"100",33.3758316638337,27.7856178321684,39.1127910747273,"33.4 (27.8, 39.1)","","",""
"Model 1","bf","CD4 midpoint [0-200)","black","bold","Modelled",NA,"100",1.02156913284797,0.320125385631602,3.3205026680697,"1.02 (0.32, 3.32)","","",""
"Model 3","peri","ART initiated in last month","black","bold","Modelled",NA,"2",5.57472450413751,2.7992418292827,10.8979308366432,"5.57 (2.80, 10.90)","","",""
"Model 3","peri","ART initiated before last month","black","bold","Modelled",NA,"20",1.04391032100976,0.821834482251474,1.30844908195392,"1.04 (0.82, 1.31)","","",""
"Model 1","peri","CD4 midpoint [200-350]","black","bold","Modelled",NA,"275",25.0673996482832,21.3812913730196,28.8780496950724,"25.1 (21.4, 28.9)","","",""
"Model 1","bf","CD4 midpoint [200-350]","black","bold","Modelled",NA,"275",0.904634813037674,0.489224985872602,1.73492713147938,"0.90 (0.49, 1.73)","","",""
"Model 3","peri","ART initiated preconception","black","bold","Modelled",NA,"40",0.33216836883803,0.228092493533986,0.481472112117206,"0.33 (0.23, 0.48)","","",""
"Model 1","peri","CD4 midpoint >350","black","bold","Modelled",NA,"500",16.6325157285467,13.9333510676823,19.6590709378559,"16.6 (13.9, 19.7)","","",""
"Model 1","bf","CD4 midpoint >350","black","bold","Modelled",NA,"500",0.787977917079277,0.430216883867338,1.43316474865056,"0.79 (0.43, 1.43)","","",""
"Model 2","bf","Dual ARV","black","bold","Modelled",NA,NA,0.200788812172675,0.0557347814709173,0.743320104222479,"0.20 (0.06, 0.74)","","",""
"Model 2","peri","Dual ARV","black","bold","Modelled",NA,NA,3.11768672215014,2.08164334002395,4.6928963714702,"3.1 (2.1, 4.7)","","",""
"Model 2","bf","Infection","black","bold","Modelled",NA,NA,28.2898259068899,20.8166875929366,37.1970597141465,"28.3 (20.8, 37.2)","","",""
"Model 2","peri","Infection","black","bold","Modelled",NA,NA,18.120260538608,12.8386623923591,25.1827277618087,"18.1 (12.8, 25.2)","","",""
"Model 4","bf","ART initiated preconception","black","bold","Modelled",NA,NA,0.0166093615531406,0.00396776823659225,0.0612798739916894,"0.02 (0.00, 0.06)","","",""
"Model 2","bf","Option A","black","bold","Modelled",NA,NA,0.206474235861611,0.0627076439770627,0.627200313763984,"0.21 (0.06, 0.63)","","",""
"Model 2","peri","Option A","black","bold","Modelled",NA,NA,3.12259101478511,2.33678033026199,4.19165462537386,"3.1 (2.3, 4.2)","","",""
"Model 2","bf","Option B","black","bold","Modelled",NA,NA,0.138806201155691,0.0661281689213136,0.298892233508482,"0.14 (0.07, 0.30)","","",""
"Model 2","peri","Option B","black","bold","Modelled",NA,NA,1.76517797372473,1.37635266757251,2.25809767948097,"1.8 (1.4, 2.3)","","",""
"Model 2","peri","SDNVP","black","bold","Modelled",NA,NA,8.31417532447073,5.94448445361181,11.3252559232635,"8.3 (5.9, 11.3)","","",""
"Model 2","bf","SDNVP, >350","black","bold","Modelled",NA,NA,0.352936456409421,0.0609016287300906,1.93786815351072,"0.35 (0.06, 1.94)","","",""
"Model 2","bf","SDNVP, <350","black","bold","Modelled",NA,NA,0.894998858276227,0.160897504489297,4.45017823639596,"0.89 (0.16, 4.45)","","",""
"Model 4","bf","ART initiated during pregnancy","black","bold","Modelled",NA,NA,0.128491840459724,0.0765548055656752,0.216970057130382,"0.13 (0.08, 0.22)","","",""
